{"RMSE_Loss_Train": 1.9158542156219482, "R2_Score_Train": -0.6313321590423584, "RMSE_Loss_Validation": 0.9371607899665833, "R2_Score_Val": 0.6096576452255249, "training_duration_seconds": 2.807374954223633, "inference_latency_seconds": 0.0003513765335083008}