{"RMSE_Loss_Train": 0.3739580512046814, "R2_Score_Train": -Infinity, "RMSE_Loss_Validation": 0.5339849591255188, "R2_Score_Val": -0.14055979251861572, "training_duration_seconds": 2.631635904312134, "inference_latency_seconds": 0.0002513615290323893}