{"RMSE_Loss_Train": 0.09741203486919403, "R2_Score_Train": -Infinity, "RMSE_Loss_Validation": 0.3407725393772125, "R2_Score_Val": -Infinity, "training_duration_seconds": 2.556966781616211, "inference_latency_seconds": 0.000257415771484375}