{"RMSE_Loss_Train": 65.91925811767578, "R2_Score_Train": -0.269734263420105, "RMSE_Loss_Validation": 348.4591064453125, "R2_Score_Val": -0.8031377792358398, "training_duration_seconds": 2.914060115814209, "inference_latency_seconds": 0.0003018649419148763}