{"Accuracy": 0.368, "Precision": 0.38449197860962564, "f1": 0.339148450116192, "Recall": 0.3544679005205321}