{"Accuracy": 0.304, "Precision": 0.3030388471177945, "f1": 0.26603366980821486, "Recall": 0.2933005590900327}