{"Accuracy": 0.392, "Precision": 0.3844010573110658, "f1": 0.3641133909239477, "Recall": 0.3803740119529593}