{"RMSE": 98.72816641453998, "MAE": 60.873743646517916, "R2": 0.25193506673616894}