{"RMSE": 88.01624811662136, "MAE": 59.00886428765729, "R2": 0.40545756424761725}