{"RMSE": 86.03297599517515, "MAE": 56.6904850740195, "R2": 0.43194936945178164}