{"RMSE": 105.71248168114295, "MAE": 71.93927779092746, "R2": 0.14235079187304034}