{"RMSE_Loss_Train": 73.9913558959961, "R2_Score_Train": -2.8931350708007812, "RMSE_Loss_Validation": 39.223793029785156, "R2_Score_Val": -60.54023361206055, "training_duration_seconds": 3.358147144317627, "inference_latency_seconds": 7.402896881103516e-05}