{"RMSE_Loss_Train": 1.7111430168151855, "R2_Score_Train": -Infinity, "RMSE_Loss_Validation": 0.5012626051902771, "R2_Score_Val": -Infinity, "training_duration_seconds": 3.094680070877075, "inference_latency_seconds": 0.00029616355895996095}