{"RMSE_Loss_Train": 0.12253031879663467, "R2_Score_Train": -Infinity, "RMSE_Loss_Validation": 1.1844350099563599, "R2_Score_Val": -0.40288615226745605, "training_duration_seconds": 3.2310681343078613, "inference_latency_seconds": 0.00028421878814697263}