{"RMSE_Loss_Train": 0.021566031500697136, "R2_Score_Train": -Infinity, "RMSE_Loss_Validation": 0.6353875398635864, "R2_Score_Val": -Infinity, "training_duration_seconds": 3.0566937923431396, "inference_latency_seconds": 0.00027116139729817707}