{"Accuracy": 0.368, "Precision": 0.30740229885057474, "f1": 0.31764180150709737, "Recall": 0.35537883169462114}