{"RMSE_Loss_Train": 44.73124313354492, "R2_Score_Train": -10.839550971984863, "RMSE_Loss_Validation": 54.18465805053711, "R2_Score_Val": -4.097182273864746, "training_duration_seconds": 6.475327968597412, "inference_latency_seconds": 0.0007291507720947266}