{"RMSE_Loss_Train": 0.23990145325660706, "R2_Score_Train": -Infinity, "RMSE_Loss_Validation": 2.225769281387329, "R2_Score_Val": -1.2017996311187744, "training_duration_seconds": 2.9326529502868652, "inference_latency_seconds": 0.0002737728754679362}