{"RMSE": 98.00334936892386, "MAE": 66.35056780059212, "R2": 0.2628786485885276}