{"RMSE": 92.32855724288456, "MAE": 60.99888932279489, "R2": 0.34577181125731293}