{"RMSE_Loss_Train": 0.618139386177063, "R2_Score_Train": -0.5283852815628052, "RMSE_Loss_Validation": 0.4070645868778229, "R2_Score_Val": 0.8342984318733215, "training_duration_seconds": 2.6742911338806152, "inference_latency_seconds": 0.000482021967569987}