{"RMSE": 96.36566268103176, "MAE": 60.7061272668798, "R2": 0.28730817232615125}