{"RMSE": 95.48985222315066, "MAE": 59.96179627172331, "R2": 0.3002037727704805}