{"RMSE_Loss_Train": 0.08838566392660141, "R2_Score_Train": -Infinity, "RMSE_Loss_Validation": 0.9425658583641052, "R2_Score_Val": -Infinity, "training_duration_seconds": 2.775632858276367, "inference_latency_seconds": 0.00026718298594156903}