{"RMSE": 85.79847414475948, "MAE": 56.708608228748126, "R2": 0.4350418436409855}