{"RMSE_Loss_Train": 0.4036354422569275, "R2_Score_Train": -Infinity, "RMSE_Loss_Validation": 0.23723997175693512, "R2_Score_Val": -Infinity, "training_duration_seconds": 2.672429084777832, "inference_latency_seconds": 0.0002971601486206055}