{"RMSE_Loss_Train": 0.3125419616699219, "R2_Score_Train": -Infinity, "RMSE_Loss_Validation": 0.09746208786964417, "R2_Score_Val": 0.962004542350769, "training_duration_seconds": 3.2297301292419434, "inference_latency_seconds": 0.0003001991907755534}