{"RMSE_Loss_Train": 93.54015350341797, "R2_Score_Train": -0.5349782705307007, "RMSE_Loss_Validation": 397.0676574707031, "R2_Score_Val": -0.6837831735610962, "training_duration_seconds": 2.4972028732299805, "inference_latency_seconds": 6.681283315022787e-05}