{"RMSE_Loss_Train": 0.7003821730613708, "R2_Score_Train": -Infinity, "RMSE_Loss_Validation": 0.7294224500656128, "R2_Score_Val": -Infinity, "training_duration_seconds": 2.560853958129883, "inference_latency_seconds": 0.0003160285949707031}