{"RMSE_Loss_Train": 0.24313975870609283, "R2_Score_Train": -Infinity, "RMSE_Loss_Validation": 0.19958709180355072, "R2_Score_Val": -Infinity, "training_duration_seconds": 2.7055587768554688, "inference_latency_seconds": 0.00025077660878499347}