{"RMSE_Loss_Train": 0.13653011620044708, "R2_Score_Train": -Infinity, "RMSE_Loss_Validation": 0.568270742893219, "R2_Score_Val": -Infinity, "training_duration_seconds": 3.071810722351074, "inference_latency_seconds": 0.0002578385670979818}