{"RMSE": 88.08439841270182, "MAE": 58.19176777301085, "R2": 0.4045365086385354}