{"RMSE": 88.0004481679096, "MAE": 58.298177500030214, "R2": 0.40567099976775367}