{"RMSE_Loss_Train": 0.6230393648147583, "R2_Score_Train": -Infinity, "RMSE_Loss_Validation": 1.36708664894104, "R2_Score_Val": -0.8689260482788086, "training_duration_seconds": 2.660057306289673, "inference_latency_seconds": 0.00026104927062988283}