{"RMSE_Loss_Train": 0.234799325466156, "R2_Score_Train": -Infinity, "RMSE_Loss_Validation": 0.5205962657928467, "R2_Score_Val": -0.08408188819885254, "training_duration_seconds": 2.45644211769104, "inference_latency_seconds": 0.00028166453043619794}