{"RMSE_Loss_Train": 85.231689453125, "R2_Score_Train": -0.09367167949676514, "RMSE_Loss_Validation": 62.15212631225586, "R2_Score_Val": -7.3567047119140625, "training_duration_seconds": 3.466114044189453, "inference_latency_seconds": 0.00033650875091552736}